label;Anzahl_global;cluster;centroid;ID#1;5;0;;1#2016;1;0;;2#2A;4;0;;3#60Minutes;1;0;;4#ADA;1;0;;5#AIDSFreeGeneration;1;0;;6#AIPAC2016;1;0;;7#ALConvention2016;1;0;;8#APAHM;1;0;;9#AZ;1;0;;10#AZPrimary;3;0;;11#ActOnClimate;2;0;;12#AlwaysTrump;2;0;;13#AmericaFIRST;1;0;;14#AmericaFirst;61;0;;15#AmericaGreatAgain;1;0;;16#AmericanSamoa;1;0;;17#Arizona;1;0;;18#ArizonaPrimary;2;0;;19#ArmedForcesDay;1;0;;20#ArmyBDay;1;0;;21#AsLongAsItTakes;1;0;;22#Benghazi;1;0;;23#BikersForTrump;1;0;;24#BlackMenForBernie;1;0;;25#BlackWomensEqualPay;1;0;;26#BlacksForTrump;1;0;;27#Brexit;1;0;;28#BrexitVote;4;0;;29#Brussels;1;0;;30#BuildTheWall;1;0;;31#Bush;1;0;;32#CA4Trump;1;0;;33#CAPrimary;2;0;;34#CBNNews;1;0;;35#CNN;1;0;;36#CTPrimary;1;0;;37#Caribbean;1;0;;38#Carrier;1;0;;39#CaucusForTrump;8;0;;40#ChangeAgents;1;0;;41#Charleston9;1;0;;42#CincoDeMayo;1;0;;43#CitizensUnited;2;0;;44#Clinton;1;0;;45#ClintonKaine;2;0;;46#CoastGuardDay;1;0;;47#Colbert;1;0;;48#CommanderInChiefForum;1;0;;49#CommonCore;1;0;;50#CommonLaw;1;0;;51#CreatorsAskHRC;2;0;;52#CripTheVote;1;0;;53#CrookedHillary;14;0;;54#Cruz;1;0;;55#CruzFraud;1;0;;56#DACA;1;0;;57#DDay;2;0;;58#DEPrimary;1;0;;59#DNC;1;4;4;60#DNCinPHL;1;0;;61#DavidCameron;1;0;;62#Debate;1;0;;63#DebateNight;33;0;;64#Debates2016;14;0;;65#Decision2016;1;0;;66#DeclareYourAmbition;1;0;;67#DefendtheSecond;1;0;;68#DemConvention;14;0;;69#DemPlatform;4;0;;70#DemocraticSitIn;1;0;;71#DemsInPHL;3;0;;72#DemsInPhilly;51;0;;73#DemsinPHL;1;0;;74#DemsinPhilly;2;0;;75#Derp;1;0;;76#DisarmHate;3;0;;77#DivoDeJuarez;1;0;;78#Diwali;1;0;;79#Donald;1;0;;80#DonaldTrump;1;0;;81#ECONOMY;1;0;;82#EarthDay;1;0;;83#EastVillage;1;0;;84#EauClaire;1;0;;85#ElectionDay;1;0;;86#Elkhart;1;0;;87#EndCommonCore;1;0;;88#EndGunViolence;1;0;;89#Enjoy;1;0;;90#Enough;1;0;;91#EstoyConElla;2;0;;92#Excellent;1;0;;93#FAIL;1;0;;94#FITN;24;0;;95#FNS;1;0;;96#FallonTonight;1;0;;97#FeelTheBern;1;0;;98#FightForFamilies;3;0;;99#Filibuster;1;0;;100#FirstInPOTUS;1;0;;101#FlashbackFriday;1;0;;102#Ford;1;0;;103#Fox;1;0;;104#FoxNews;3;0;;105#Frozen;1;0;;106#GIBill;1;0;;107#GO;1;0;;108#GOP;2;0;;109#GOPConvention;4;0;;110#GOPDebate;20;0;;111#GOPdebate;1;0;;112#GOPinCLE;1;0;;113#GPLFers;1;0;;114#GoldenGlobe;1;0;;115#GoodTrouble;1;0;;116#Greta;1;0;;117#GunViolence;1;0;;118#HRC4PA;1;0;;119#HaileyPuckett;1;0;;120#Hannity;3;0;;121#HarveyPitt;1;0;;122#Hillary2016;1;0;;123#HillaryClinton;1;0;;124#HillaryKaine2016;1;0;;125#HillaryOnCNN;1;0;;126#HillaryOnGMA;1;0;;127#HispanicHeritageMonth;1;0;;128#HistoryMade;1;0;;129#HoustonFlood;1;0;;130#IACaucus;15;0;;131#IAPolitics;1;0;;132#ICYMI;5;0;;133#INDPrimary;1;0;;134#INPrimary;10;0;;135#ISIS;1;0;;136#ImWithHer;18;0;;137#ImWithHernandez;1;0;;138#ImWithYou;48;0;;139#Imwithyou;2;0;;140#Indiana;1;0;;141#InternationalNursesDay;1;0;;142#Iowa;1;0;;143#IowaCaucus;2;0;;144#IranDeal;1;0;;145#JimmyFallon;1;0;;146#Jobs;1;0;;147#JohnRyder;1;0;;148#Jonas;1;0;;149#JuanGabriel;1;0;;150#JuntosSePuede;1;0;;151#KansasCaucus;1;0;;152#KenLangone;1;0;;153#KentuckyDerby;1;0;;154#KhizrKhan;1;0;;155#LAflood;1;0;;156#LESM;5;0;;157#LGBT;2;0;;158#LSSC;2;0;;159#LaborDay;2;0;;160#LaudatoSi;1;0;;161#Laurence;1;0;;162#LaurenceTribe;1;0;;163#LawandOrder;2;0;;164#LeadRight2016;1;0;;165#LibrarianOfCongress;1;0;;166#LightweightSenatorMarcoRubio;1;0;;167#LittleMarco;1;0;;168#LoneStarState;1;0;;169#LoveTrumpsHate;6;0;;170#LyingTed;2;0;;171#MAGA;58;0;;172#MAKEAMERICAGREATAGAIN;3;0;;173#MDPrimary;1;0;;174#MDW;1;0;;175#MSM;1;0;;176#MSNBCTownhall;2;0;;177#MSPrimary;1;0;;178#MadeForHistory;1;0;;179#MadeInAmerica;1;0;;180#Mahalo;1;0;;181#MaitnerStrong;1;0;;182#MakeAmericaGreatAgain;216;0;;183#MakeAmericaSafeAgain;3;2;2;184#MakeYoutubeGreatAgain;1;0;;185#MaryBrigidMcManamon;2;0;;186#MattSchlapp;1;0;;187#MayDay;1;0;;188#Mediafraud;1;0;;189#MeetTheTrumps;1;0;;190#MegynKellyPresents;1;0;;191#MemorialDay;1;0;;192#Mexico;1;0;;193#MichaelBrown;1;0;;194#MichaelMoore;1;0;;195#MikePence;1;3;;196#MoreInCommon;1;3;;197#Mormon;1;3;;198#MorningJoe;1;0;;199#MothersDay;1;0;;200#MothersoftheMovement;1;0;;201#MyTeacherIsWeird;1;0;;202#NAACP107;1;0;;203#NABJNAHJ16;1;0;;204#NASCAR;1;0;;205#NATO;2;0;;206#NBCNewsForum;12;0;;207#NHPolitics;2;0;;208#NHPrimary;6;0;;209#NPS100;2;0;;210#NVcaucus;1;0;0;211#NYCPride;1;0;;212#NYPrimary;9;0;;213#NationalVoterRegistrationDay;7;0;;214#NaturalBorn;1;0;;215#NebraskaPrimary;1;0;;216#NeilCavuto;1;0;;217#NetNeutrality;1;0;;218#NevadaCaucus;4;0;;219#NeverCruz;1;0;;220#NeverDems;1;0;;221#NeverForget;1;0;;222#NeverHillary;6;0;;223#NeverTrump;3;0;;224#NewDay;1;0;;225#NewHampshire;1;0;;226#NewYork;1;0;;227#NewYorkValues;6;0;;228#NoBillNoBreak;8;0;;229#NoLoyalty;1;0;;230#NoMoreSilence;2;0;;231#NotOneMore;1;0;;232#OHHillYes;1;0;;233#ORPrimary;1;0;;234#ObamaCare;3;0;;235#Obamacare;4;0;;236#Olmstead;1;0;;237#OnTheRecord;1;0;;238#OpeningCeremony;1;0;;239#OpioidAwarenessWeek;1;0;;240#Orlando;1;0;;241#OrlandoUnited;2;0;;242#PAPrimary;2;0;;243#POTUS;7;0;;244#PhilandoCastile;1;0;;245#Politician;1;0;;246#Polls;1;0;;247#PrimaryDay;6;0;;248#Prince;1;0;;249#Pulse;1;0;;250#PurpleHeartDay;1;0;;251#RIP;1;0;;252#RIPrimary;2;0;;253#RNC;1;0;;254#RNCINCLE;1;0;;255#RNCInCLE;3;0;;256#RNCinCLE;56;0;;257#RNCwithBernie;1;0;;258#ROGERAILES;1;0;;259#RTM2016;1;0;;260#Racine;1;0;;261#RepMikeKelly;1;0;;262#RestoreTheVRA;2;0;;263#RiggedSystem;1;0;;264#Rio2016;1;0;;265#RobotRubio;1;0;;266#RogerStone;1;0;;267#RollCallVote;2;0;;268#RosanellEaton;1;0;;269#Rubio;1;0;;270#SB50;1;0;;271#SCOTUS;4;0;;272#SCPrimary;7;0;;273#SOTU;2;0;;274#SallyRideDay;1;0;;275#SaveElephants;1;0;;276#SayHerName;1;0;;277#SecondAmendment;1;0;;278#SheWon;5;0;;279#ShesWithUs;1;0;;280#SmallBizWeek;1;0;;281#SouthCarolina;1;0;;282#SouthCarolinaPrimary;1;0;;283#Srebrenica;1;0;;284#StandTogether;1;0;;285#StandWithLouisiana;1;0;;286#StanleyCup;1;0;;287#Statehood;1;0;;288#StopCommonCore;1;0;;289#StopGunViolence;3;0;;290#StoptheHate;2;0;;291#StrongerTogether;7;0;;292#SuperBowlSunday;1;0;;293#SuperSaturday;2;0;;294#SuperTuesday;19;0;;295#TBT;11;0;;296#TPP;1;0;;297#TRUMP;1;0;;298#TRUMP2016;1;0;;299#TRUMPDOG;1;0;;300#TeacherAppreciationDay;1;0;;301#Teachers4Trump;1;0;;302#TeamTrump;4;0;;303#TeamUSA;1;0;;304#Ted;1;0;;305#TedCruz;2;0;;306#TerenceCrutcher;1;0;;307#ThankAVet;1;0;;308#ThanksObama;1;0;;309#TheDonald;1;0;;310#TheTonightShow;1;0;;311#TitleIX;1;0;;312#Trump;8;0;;313#Trump2016;309;0;;314#Trump360;1;0;;315#Trump4President;1;0;;316#Trump4Vets;1;0;;317#TrumpCountry;1;0;;318#TrumpDallas;1;0;;319#TrumpForPresident;1;0;;320#TrumpIsWithYou;1;0;;321#TrumpLV;1;0;;322#TrumpMovement;1;0;;323#TrumpNV;1;0;;324#TrumpPence16;23;0;;325#TrumpPence2016;2;0;;326#TrumpSupporters;1;0;;327#TrumpTrain;32;0;;328#TrumpWaikiki;1;0;;329#TrumpWon;2;0;;330#TrumpYourself;4;0;;331#TrumpinEverett;1;0;;332#Turkey;1;0;;333#TurnUpToVote;1;0;;334#UAW;1;0;;335#UNGA;1;0;;336#UPUPUP;1;0;;337#USA;1;0;;338#USMC2016;1;0;;339#UT;1;0;;340#UTCaucus;2;3;;341#UnderstandSlavery;1;0;;342#Utah;2;0;;343#Utah4Trump;1;0;;344#UtahCaucus;2;0;;345#UtahPrimary;1;0;;346#VirWINia;2;0;;347#VoteTrump;62;0;;348#VoteTrump2016;2;0;;349#VoteTrumpIL;1;0;;350#VoteTrumpMA;1;0;;351#VoteTrumpMI;2;0;;352#VoteTrumpNC;1;0;;353#VoteTrumpNH;7;0;;354#VoteTrumpNV;7;0;;355#VoteTrumpNY;3;0;;356#VoteTrumpSC;9;0;;357#VoteTrumpVT;1;0;;358#VoteTrumpWI;1;0;;359#VoterFraud;1;0;;360#VoterRegistrationDay;1;0;;361#VotersSpeak;1;0;;362#WATCH;1;0;;363#WCS16;1;0;;364#WH;1;0;;365#WHCD;1;0;;366#WHD;1;0;;367#WIBackHer;1;0;;368#WIPrimary;13;0;;369#WISCONSIN;1;0;;370#WOMEN4TRUMP;1;0;;371#WORK;1;0;;372#WakeUpAmerica;2;0;;373#WashingtonDC;1;0;;374#WattersWorld;1;0;;375#Wausau;1;0;;376#WeAreBernie;1;0;;377#WeMadeHistory;4;0;;378#WeTrumpHate;1;0;;379#WeWantTrump;1;0;;380#WestVirginia;1;0;;381#WesternTuesday;1;0;;382#WheresHillary;1;0;;383#Wimbledon;1;0;;384#Wisconsin;2;0;;385#With_Cruz_you_lose;1;0;;386#WomanCard;7;0;;387#Women4Ttump;1;0;;388#WomensEqualityDay;4;0;;389#WorldRefugeeDay;1;0;;390#YUGE;1;0;;391#YouthDay;1;0;;392#brexit;1;0;;393#campaignfinance;1;0;;394#debate;4;0;;395#debatenight;19;0;;396#dtmag;1;0;;397#election2016;1;0;;398#enough;1;0;;399#extremevetting;1;0;;400#fairandbalancedmyass;1;1;1;401#fixdemocracyfirst;1;0;;402#goodtrouble;1;0;;403#gunviolence;1;0;;404#holdthefloor;1;3;;405#iRegistered;1;0;;406#iVoted;1;0;;407#imwithher;1;0;;408#imwithyou;1;0;;409#jenniferrubin;1;3;3;410#laurencetribe;1;4;;411#makeamericagreatagain;1;0;;412#makersandtakers;1;0;;413#media;1;0;;414#polls;1;0;;415#presidenttrump;1;0;;416#primary;1;0;;417#sendDonaldtospace;1;0;;418#sitin;2;0;;419#slipping;1;0;;420#smallbiz;2;0;;421#taxplan;1;0;;422#trump;2;0;;423#trump2016;3;0;;424#ugpride2016;1;0;;425#vaticanwalls;1;0;;426#veterans;1;0;;427#voteTrump;1;0;;428#womancard;1;0;;429